일자,계(명),국내발생(명),해외유입(명),사망(명),거리두기,백신접종률,전일대비증감량,증감률
2020-02-19,34,34,0,0,0,0,0,0
2020-02-20,16,16,0,1,0,0,-18,-52.94117647
2020-02-21,74,74,0,0,0,0,58,362.5
2020-02-22,190,190,0,2,0,0,116,156.7567568
2020-02-23,210,209,1,0,0,0,19,10
2020-02-24,207,206,1,4,0,0,-3,-1.435406699
2020-02-25,130,129,1,1,0,0,-77,-37.37864078
2020-02-26,253,252,1,3,0,0,123,95.34883721
2020-02-27,449,447,2,1,0,0,195,77.38095238
2020-02-28,427,427,0,1,0,0,-20,-4.474272931
2020-02-29,909,909,0,3,0,0,482,112.8805621
2020-03-01,595,593,2,1,0,0,-316,-34.76347635
2020-03-02,686,684,2,6,0,0,91,15.34569983
2020-03-03,600,599,1,5,0,0,-85,-12.42690058
2020-03-04,516,516,0,4,0,0,-83,-13.85642738
2020-03-05,438,437,1,3,0,0,0,0
2020-03-06,518,518,0,7,0,0,81,18.53546911
2020-03-07,483,483,0,2,0,0,-35,-6.756756757
2020-03-08,367,366,1,6,0,0,-117,-24.22360248
2020-03-09,248,247,1,1,0,0,-119,-32.5136612
2020-03-10,131,131,0,3,0,0,-116,-46.96356275
2020-03-11,242,239,3,6,0,0,108,82.44274809
2020-03-12,114,112,2,6,0,0,-127,-53.13807531
2020-03-13,110,107,3,1,0,0,-5,-4.464285714
2020-03-14,107,102,5,5,0,0,-5,-4.672897196
2020-03-15,76,72,4,3,0,0,-30,-29.41176471
2020-03-16,74,70,4,0,0,0,-2,-2.777777778
2020-03-17,84,79,5,6,0,0,9,12.85714286
2020-03-18,93,80,13,3,0,0,1,1.265822785
2020-03-19,152,135,17,7,0,0,55,68.75
2020-03-20,87,73,14,3,0,0,0,0
2020-03-21,147,126,21,8,0,0,53,72.60273973
2020-03-22,98,77,21,2,3,0,-49,-38.88888889
2020-03-23,64,46,18,7,3,0,-31,-40.25974026
2020-03-24,76,46,30,9,3,0,0,0
2020-03-25,100,42,58,6,3,0,-4,-8.695652174
2020-03-26,104,56,48,5,3,0,14,33.33333333
2020-03-27,91,57,34,8,3,0,1,1.785714286
2020-03-28,146,90,56,5,3,0,33,57.89473684
2020-03-29,105,38,67,8,3,0,-52,-57.77777778
2020-03-30,78,35,43,6,3,0,-3,-7.894736842
2020-03-31,125,88,37,4,3,0,53,151.4285714
2020-04-01,101,56,45,3,3,0,-32,-36.36363636
2020-04-02,89,43,46,4,3,0,-13,-23.21428571
2020-04-03,86,37,49,5,3,0,-6,-13.95348837
2020-04-04,94,53,41,3,3,0,0,0
2020-04-05,81,31,50,6,3,0,-22,-41.50943396
2020-04-06,47,25,22,3,3,0,-6,-19.35483871
2020-04-07,47,23,24,6,3,0,-2,-8
2020-04-08,53,23,30,8,3,0,0,0
2020-04-09,39,13,26,4,3,0,-10,-43.47826087
2020-04-10,27,17,10,4,3,0,4,30.76923077
2020-04-11,30,16,14,3,3,0,-1,-5.882352941
2020-04-12,32,9,23,3,3,0,-7,-43.75
2020-04-13,25,10,15,3,3,0,1,11.11111111
2020-04-14,27,11,16,5,3,0,1,10
2020-04-15,27,13,14,3,3,0,2,18.18181818
2020-04-16,22,11,11,4,3,0,-2,-15.38461538
2020-04-17,22,7,15,1,3,0,-4,-36.36363636
2020-04-18,18,9,9,2,3,0,2,28.57142857
2020-04-19,8,2,6,2,3,0,0,0
2020-04-20,13,6,7,2,2,0,4,200
2020-04-21,9,4,5,1,2,0,-2,-33.33333333
2020-04-22,11,5,6,1,2,0,1,25
2020-04-23,8,4,4,2,2,0,-1,-20
2020-04-24,6,4,2,0,2,0,0,0
2020-04-25,10,5,5,0,2,0,1,25
2020-04-26,10,1,9,2,2,0,-4,-80
2020-04-27,10,3,7,1,2,0,2,200
2020-04-28,14,2,12,1,2,0,-1,-33.33333333
2020-04-29,9,4,5,2,2,0,2,100
2020-04-30,4,0,4,1,2,0,-4,-100
2020-05-01,9,1,8,1,2,0,1,100
2020-05-02,6,0,6,2,2,0,-1,-100
2020-05-03,13,3,10,0,2,0,3,100
2020-05-04,8,0,8,2,2,0,0,0
2020-05-05,3,0,3,2,2,0,0,100
2020-05-06,2,0,2,1,1,0,0,100
2020-05-07,4,1,3,1,1,0,1,100
2020-05-08,12,1,11,0,1,0,0,0
2020-05-09,18,17,1,0,1,0,16,1600
2020-05-10,34,26,8,0,1,0,9,52.94117647
2020-05-11,35,29,6,0,1,0,3,11.53846154
2020-05-12,27,22,5,2,1,0,-7,-24.13793103
2020-05-13,26,22,4,1,1,0,0,0
2020-05-14,29,26,3,1,1,0,4,18.18181818
2020-05-15,27,22,5,0,1,0,-4,-15.38461538
2020-05-16,19,9,10,2,1,0,-13,-59.09090909
2020-05-17,13,6,7,0,1,0,-3,-33.33333333
2020-05-18,15,5,10,1,1,0,-1,-16.66666667
2020-05-19,13,9,4,0,1,0,0,0
2020-05-20,32,24,8,0,1,0,15,166.6666667
2020-05-21,12,10,2,1,1,0,-14,-58.33333333
2020-05-22,20,11,9,0,1,0,1,10
2020-05-23,23,19,4,2,1,0,8,72.72727273
2020-05-24,25,17,8,0,1,0,-2,-10.52631579
2020-05-25,16,13,3,1,1,0,-4,-23.52941176
2020-05-26,19,16,3,2,1,0,3,23.07692308
2020-05-27,40,37,3,0,1,0,21,131.25
2020-05-28,79,68,11,0,1,0,31,83.78378378
2020-05-29,58,55,3,0,1,0,-13,-19.11764706
2020-05-30,39,27,12,0,1,0,-28,-50.90909091
2020-05-31,27,15,12,1,1,0,-12,-44.44444444
2020-06-01,35,30,5,1,1,0,15,100
2020-06-02,38,36,2,1,1,0,6,20
2020-06-03,49,46,3,1,1,0,0,0
2020-06-04,39,33,6,0,1,0,-13,-28.26086957
2020-06-05,39,34,5,0,1,0,1,3.03030303
2020-06-06,51,43,8,0,1,0,9,26.47058824
2020-06-07,57,53,4,0,1,0,10,23.25581395
2020-06-08,37,32,5,0,1,0,-21,-39.62264151
2020-06-09,38,35,3,1,1,0,3,9.375
2020-06-10,50,43,7,2,1,0,8,22.85714286
2020-06-11,45,40,5,0,1,0,-3,-6.976744186
2020-06-12,56,43,13,1,1,0,3,7.5
2020-06-13,48,43,5,0,1,0,0,0
2020-06-14,34,31,3,0,1,0,-12,-27.90697674
2020-06-15,37,24,13,0,1,0,-7,-22.58064516
2020-06-16,34,21,13,1,1,0,-3,-12.5
2020-06-17,43,31,12,1,1,0,10,47.61904762
2020-06-18,59,51,8,1,1,0,0,0
2020-06-19,49,32,17,0,1,0,-19,-37.25490196
2020-06-20,67,36,31,0,1,0,4,12.5
2020-06-21,48,40,8,0,1,0,4,11.11111111
2020-06-22,17,11,6,0,1,0,-29,-72.5
2020-06-23,46,16,30,1,1,0,5,45.45454545
2020-06-24,51,30,21,0,1,0,14,87.5
2020-06-25,28,23,5,1,1,0,-7,-23.33333333
2020-06-26,39,26,13,0,1,0,3,13.04347826
2020-06-27,51,31,20,0,1,0,5,19.23076923
2020-06-28,62,40,22,0,2,0,9,29.03225806
2020-06-29,42,30,12,0,2,0,-10,-25
2020-06-30,42,22,20,0,2,0,-8,-26.66666667
2020-07-01,51,36,15,0,2,0,14,63.63636364
2020-07-02,54,44,10,0,2,0,8,22.22222222
2020-07-03,61,49,12,0,2,0,0,0
2020-07-04,63,36,27,1,2,0,-13,-26.53061224
2020-07-05,61,43,18,0,2,0,7,19.44444444
2020-07-06,48,24,24,1,2,0,-19,-44.18604651
2020-07-07,44,20,24,1,2,0,-4,-16.66666667
2020-07-08,62,30,32,0,2,0,10,50
2020-07-09,50,28,22,2,2,0,-2,-6.666666667
2020-07-10,45,23,22,1,2,0,-5,-17.85714286
2020-07-11,35,20,15,0,2,0,-3,-13.04347826
2020-07-12,44,21,23,1,2,0,1,5
2020-07-13,62,19,43,0,2,0,-2,-9.523809524
2020-07-14,33,14,19,0,2,0,-5,-26.31578947
2020-07-15,39,11,28,0,2,0,-3,-21.42857143
2020-07-16,61,14,47,2,2,0,3,27.27272727
2020-07-17,60,21,39,2,2,0,7,50
2020-07-18,39,11,28,1,2,0,0,0
2020-07-19,34,21,13,1,2,0,10,90.90909091
2020-07-20,26,4,22,1,2,0,-17,-80.95238095
2020-07-21,45,20,25,0,2,0,16,400
2020-07-22,63,29,34,1,2,0,9,45
2020-07-23,59,39,20,0,2,0,10,34.48275862
2020-07-24,41,28,13,1,2,0,-11,-28.20512821
2020-07-25,113,27,86,0,2,0,-1,-3.571428571
2020-07-26,58,12,46,0,2,0,-15,-55.55555556
2020-07-27,25,9,16,1,2,0,-3,-25
2020-07-28,28,5,23,1,2,0,-4,-44.44444444
2020-07-29,48,14,34,0,2,0,9,180
2020-07-30,18,7,11,0,2,0,-7,-50
2020-07-31,36,14,22,1,2,0,7,100
2020-08-01,31,8,23,0,2,0,-6,-42.85714286
2020-08-02,30,8,22,0,2,0,0,0
2020-08-03,23,3,20,0,2,0,-5,-62.5
2020-08-04,34,13,21,0,2,0,10,333.3333333
2020-08-05,33,13,20,1,2,0,0,0
2020-08-06,43,23,20,0,2,0,10,76.92307692
2020-08-07,20,9,11,1,2,0,-14,-60.86956522
2020-08-08,43,30,13,1,2,0,21,233.3333333
2020-08-09,36,30,6,1,2,0,0,0
2020-08-10,28,17,11,0,2,0,-13,-43.33333333
2020-08-11,34,23,11,0,2,0,6,35.29411765
2020-08-12,54,35,19,0,2,0,12,52.17391304
2020-08-13,56,47,9,0,2,0,12,34.28571429
2020-08-14,103,85,18,0,2,0,38,80.85106383
2020-08-15,166,154,12,0,2,0,69,81.17647059
2020-08-16,279,267,12,0,3,0,113,73.37662338
2020-08-17,197,188,9,0,3,0,0,0
2020-08-18,246,235,11,1,3,0,47,25
2020-08-19,297,283,14,0,3,0,48,20.42553191
2020-08-20,288,276,12,1,3,0,-7,-2.473498233
2020-08-21,324,315,9,2,3,0,39,14.13043478
2020-08-22,332,315,17,0,3,0,0,0
2020-08-23,396,386,10,0,3,0,71,22.53968254
2020-08-24,266,258,8,0,3,0,-128,-33.16062176
2020-08-25,280,264,16,1,3,0,6,2.325581395
2020-08-26,320,307,13,2,3,0,43,16.28787879
2020-08-27,441,434,7,1,3,0,127,41.36807818
2020-08-28,371,359,12,3,3,0,-75,-17.28110599
2020-08-29,323,308,15,5,3,0,-51,-14.20612813
2020-08-30,299,283,16,2,3,0,-25,-8.116883117
2020-08-31,248,238,10,1,3,0,-45,-15.90106007
2020-09-01,235,221,14,0,3,0,0,0
2020-09-02,267,253,14,2,3,0,32,14.47963801
2020-09-03,195,188,7,3,3,0,-65,-25.6916996
2020-09-04,198,188,10,2,3,0,0,0
2020-09-05,168,158,10,2,3,0,-30,-15.95744681
2020-09-06,167,152,15,1,3,0,-6,-3.797468354
2020-09-07,119,107,12,2,3,0,-45,-29.60526316
2020-09-08,136,120,16,5,3,0,13,12.14953271
2020-09-09,156,144,12,3,3,0,24,20
2020-09-10,155,140,15,2,3,0,-4,-2.777777778
2020-09-11,176,161,15,4,3,0,21,15
2020-09-12,136,118,18,5,3,0,-43,-26.70807453
2020-09-13,121,99,22,3,3,0,-19,-16.10169492
2020-09-14,109,98,11,5,3,0,-1,-1.01010101
2020-09-15,106,90,16,4,3,0,-8,-8.163265306
2020-09-16,113,105,8,0,3,0,0,0
2020-09-17,153,145,8,5,3,0,40,38.0952381
2020-09-18,126,109,17,5,3,0,-36,-24.82758621
2020-09-19,110,106,4,1,3,0,-3,-2.752293578
2020-09-20,82,72,10,5,3,0,-34,-32.0754717
2020-09-21,70,55,15,2,3,0,-17,-23.61111111
2020-09-22,61,50,11,3,3,0,-5,-9.090909091
2020-09-23,110,99,11,0,3,0,49,98
2020-09-24,125,109,16,5,3,0,10,10.1010101
2020-09-25,114,95,19,2,3,0,-14,-12.8440367
2020-09-26,61,49,12,4,3,0,-46,-48.42105263
2020-09-27,95,73,22,2,3,0,24,48.97959184
2020-09-28,50,40,10,5,3,0,-33,-45.20547945
2020-09-29,38,23,15,1,3,0,-17,-42.5
2020-09-30,113,94,19,6,3,0,71,308.6956522
2020-10-01,77,67,10,2,3,0,0,0
2020-10-02,63,53,10,1,3,0,-14,-20.89552239
2020-10-03,75,52,23,4,3,0,-1,-1.886792453
2020-10-04,64,47,17,1,3,0,-5,-9.615384615
2020-10-05,73,64,9,1,3,0,17,36.17021277
2020-10-06,75,66,9,0,3,0,2,3.125
2020-10-07,114,94,20,3,3,0,28,42.42424242
2020-10-08,69,60,9,2,3,0,-34,-36.17021277
2020-10-09,54,38,16,1,3,0,-22,-36.66666667
2020-10-10,72,61,11,2,3,0,23,60.52631579
2020-10-11,58,46,12,2,3,0,-15,-24.59016393
2020-10-12,98,69,29,1,3,0,23,50
2020-10-13,91,69,22,1,3,0,0,0
2020-10-14,84,53,31,4,3,0,-16,-23.1884058
2020-10-15,110,95,15,1,3,0,42,79.24528302
2020-10-16,47,41,6,2,3,0,0,0
2020-10-17,73,62,11,2,3,0,21,51.2195122
2020-10-18,91,71,20,1,3,0,9,14.51612903
2020-10-19,76,50,26,0,3,0,-21,-29.57746479
2020-10-20,58,41,17,3,3,0,-9,-18
2020-10-21,89,57,32,3,3,0,16,39.02439024
2020-10-22,121,104,17,3,3,0,47,82.45614035
2020-10-23,155,138,17,2,3,0,34,32.69230769
2020-10-24,77,66,11,2,3,0,-72,-52.17391304
2020-10-25,61,50,11,0,3,0,-16,-24.24242424
2020-10-26,119,94,25,0,3,0,44,88
2020-10-27,88,72,16,3,3,0,-22,-23.40425532
2020-10-28,103,96,7,1,3,0,24,33.33333333
2020-10-29,125,107,18,1,3,0,11,11.45833333
2020-10-30,113,93,20,1,3,0,-14,-13.08411215
2020-10-31,127,96,31,1,3,0,0,0
2020-11-01,124,101,23,2,3,0,5,5.208333333
2020-11-02,97,79,18,2,3,0,-22,-21.78217822
2020-11-03,75,46,29,4,3,0,-33,-41.7721519
2020-11-04,117,98,19,2,3,0,52,113.0434783
2020-11-05,125,108,17,1,3,0,10,10.20408163
2020-11-06,145,117,28,1,3,0,9,8.333333333
2020-11-07,89,72,17,1,3,0,-45,-38.46153846
2020-11-08,143,118,25,1,3,0,46,63.88888889
2020-11-09,126,99,27,2,3,0,-19,-16.10169492
2020-11-10,100,71,29,5,3,0,-28,-28.28282828
2020-11-11,145,113,32,2,3,0,42,59.15492958
2020-11-12,143,128,15,0,3,0,15,13.27433628
2020-11-13,191,162,29,1,3,0,34,26.5625
2020-11-14,205,166,39,4,3,0,4,2.469135802
2020-11-15,208,176,32,1,3,0,0,0
2020-11-16,222,192,30,1,3,0,16,9.090909091
2020-11-17,230,202,28,0,3,0,10,5.208333333
2020-11-18,285,245,40,2,3,0,43,21.28712871
2020-11-19,325,293,32,2,3,0,48,19.59183673
2020-11-20,348,320,28,3,3,0,27,9.215017065
2020-11-21,386,361,25,2,3,0,41,12.8125
2020-11-22,330,302,28,2,3,0,-59,-16.3434903
2020-11-23,271,255,16,4,3,0,-47,-15.56291391
2020-11-24,349,318,31,1,3,0,63,24.70588235
2020-11-25,382,363,19,3,3,0,45,14.1509434
2020-11-26,581,552,29,2,3,0,189,52.0661157
2020-11-27,555,525,30,1,3,0,-27,-4.891304348
2020-11-28,503,486,17,6,3,0,-39,-7.428571429
2020-11-29,450,413,37,1,3,0,-73,-15.02057613
2020-11-30,438,414,24,3,3,0,0,0
2020-12-01,451,420,31,0,3,0,6,1.449275362
2020-12-02,511,492,19,0,3,0,72,17.14285714
2020-12-03,540,516,24,3,3,0,24,4.87804878
2020-12-04,628,600,28,7,3,0,84,16.27906977
2020-12-05,577,559,18,4,3,0,-41,-6.833333333
2020-12-06,631,599,32,5,3,0,40,7.155635063
2020-12-07,615,580,35,4,3,0,-19,-3.171953255
2020-12-08,587,561,26,3,3,0,-19,-3.275862069
2020-12-09,670,646,24,4,3,0,85,15.15151515
2020-12-10,680,643,37,8,3,0,-3,-0.464396285
2020-12-11,689,673,16,8,3,0,30,4.66562986
2020-12-12,950,928,22,6,3,0,255,37.89004458
2020-12-13,"1,030","1,000",30,2,3,0,72,7.75862069
2020-12-14,718,682,36,7,4,0,-318,-31.8
2020-12-15,880,848,32,13,4,0,0,0
2020-12-16,"1,078","1,054",24,12,4,0,206,24.29245283
2020-12-17,"1,014",994,20,22,4,0,-60,-5.69259962
2020-12-18,"1,064","1,038",26,11,4,0,44,4.426559356
2020-12-19,"1,045","1,024",21,14,4,0,-14,-1.348747592
2020-12-20,"1,096","1,071",25,15,4,0,47,4.58984375
2020-12-21,924,891,33,24,4,0,-180,-16.80672269
2020-12-22,866,821,45,24,4,0,-70,-7.85634119
2020-12-23,"1,090","1,058",32,17,4,0,237,28.86723508
2020-12-24,985,955,30,17,4,0,-103,-9.735349716
2020-12-25,"1,240","1,215",25,17,4,0,260,27.22513089
2020-12-26,"1,131","1,103",28,20,4,0,-112,-9.218106996
2020-12-27,970,946,24,15,4,0,-157,-14.23390752
2020-12-28,806,786,20,11,4,0,-160,-16.91331924
2020-12-29,"1,044","1,028",16,40,4,0,242,30.78880407
2020-12-30,"1,050","1,025",25,20,4,0,0,0
2020-12-31,967,940,27,21,4,0,-85,-8.292682927
2021-01-01,"1,027","1,002",25,17,4,0,62,6.595744681
2021-01-02,820,784,36,25,4,0,-218,-21.75648703
2021-01-03,657,641,16,20,4,0,-143,-18.23979592
2021-01-04,"1,020",986,34,19,4,0,345,53.82215289
2021-01-05,714,672,42,26,4,0,-314,-31.84584178
2021-01-06,838,807,31,20,4,0,135,20.08928571
2021-01-07,869,832,37,19,4,0,25,3.097893432
2021-01-08,674,632,42,35,4,0,-200,-24.03846154
2021-01-09,641,596,45,19,4,0,-36,-5.696202532
2021-01-10,657,623,34,25,4,0,27,4.530201342
2021-01-11,451,419,32,15,4,0,-204,-32.74478331
2021-01-12,537,510,27,25,4,0,91,21.71837709
2021-01-13,561,535,26,20,4,0,25,4.901960784
2021-01-14,524,496,28,10,4,0,0,0
2021-01-15,512,483,29,22,4,0,-13,-2.620967742
2021-01-16,580,547,33,19,4,0,64,13.2505176
2021-01-17,520,500,20,13,4,0,-47,-8.592321755
2021-01-18,389,366,23,15,4,0,-134,-26.8
2021-01-19,386,351,35,19,4,0,-15,-4.098360656
2021-01-20,404,373,31,17,4,0,22,6.267806268
2021-01-21,400,381,19,16,4,0,8,2.144772118
2021-01-22,346,314,32,12,4,0,-67,-17.58530184
2021-01-23,431,403,28,9,4,0,89,28.34394904
2021-01-24,392,369,23,12,4,0,-34,-8.436724566
2021-01-25,437,405,32,11,4,0,36,9.756097561
2021-01-26,349,333,16,11,4,0,-72,-17.77777778
2021-01-27,559,516,43,7,4,0,183,54.95495495
2021-01-28,497,479,18,8,4,0,-37,-7.170542636
2021-01-29,469,445,24,13,4,0,0,0
2021-01-30,456,421,35,15,4,0,-24,-5.393258427
2021-01-31,354,323,31,6,4,0,-98,-23.27790974
2021-02-01,305,285,20,5,4,0,-38,-11.76470588
2021-02-02,336,295,41,10,4,0,10,3.50877193
2021-02-03,467,433,34,6,4,0,138,46.77966102
2021-02-04,451,429,22,7,4,0,-4,-0.923787529
2021-02-05,370,350,20,11,4,0,-79,-18.41491841
2021-02-06,390,362,28,5,4,0,12,3.428571429
2021-02-07,371,325,46,7,4,0,-37,-10.22099448
2021-02-08,288,264,24,3,4,0,-61,-18.76923077
2021-02-09,303,273,30,8,4,0,9,3.409090909
2021-02-10,444,414,30,4,4,0,141,51.64835165
2021-02-11,504,467,37,10,4,0,53,12.80193237
2021-02-12,403,384,19,11,4,0,-83,-17.77301927
2021-02-13,362,345,17,7,4,0,0,0
2021-02-14,326,304,22,8,4,0,-41,-11.88405797
2021-02-15,343,322,21,5,4,0,18,5.921052632
2021-02-16,457,429,28,7,4,0,107,33.22981366
2021-02-17,621,590,31,4,4,0,161,37.52913753
2021-02-18,621,590,31,6,4,0,0,0
2021-02-19,561,533,28,6,4,0,-57,-9.661016949
2021-02-20,448,416,32,3,4,0,-117,-21.95121951
2021-02-21,416,391,25,4,4,0,-25,-6.009615385
2021-02-22,332,313,19,5,4,0,-78,-19.9488491
2021-02-23,356,329,27,11,4,0,16,5.111821086
2021-02-24,440,417,23,3,4,0,88,26.74772036
2021-02-25,395,368,27,5,4,0,-49,-11.75059952
2021-02-26,387,363,24,4,4,0.000630364,-5,-1.358695652
2021-02-27,415,405,10,10,4,0.000661905,42,11.57024793
2021-02-28,355,333,22,8,4,0.00068022,0,0
2021-03-01,355,338,17,2,4,0.000714864,5,1.501501502
2021-03-02,344,319,25,1,4,0.002001986,-19,-5.621301775
2021-03-03,444,426,18,6,4,0.003346617,107,33.54231975
2021-03-04,424,401,23,7,4,0.004710199,-25,-5.868544601
2021-03-05,398,381,17,8,4,0.006078812,-20,-4.987531172
2021-03-06,418,404,14,5,4,0.006431598,23,6.036745407
2021-03-07,416,398,18,2,4,0.006475477,-6,-1.485148515
2021-03-08,346,335,11,8,4,0.007785676,-63,-15.82914573
2021-03-09,446,427,19,3,4,0.009019992,92,27.46268657
2021-03-10,470,452,18,3,4,0.010074841,25,5.854800937
2021-03-11,465,444,21,4,4,0.010944612,-8,-1.769911504
2021-03-12,488,467,21,10,4,0.011693002,23,5.18018018
2021-03-13,490,474,16,5,4,0.011774224,7,1.498929336
2021-03-14,459,436,23,2,4,0.011802718,-38,-8.016877637
2021-03-15,379,367,12,6,4,0.012069019,0,0
2021-03-16,363,345,18,3,4,0.012455369,-22,-5.994550409
2021-03-17,469,452,17,8,4,0.012859649,107,31.01449275
2021-03-18,445,427,18,2,4,0.01325053,-25,-5.530973451
2021-03-19,463,441,22,2,4,0.01359759,14,3.278688525
2021-03-20,447,435,12,3,4,0.013629478,-6,-1.360544218
2021-03-21,456,437,19,3,4,0.013637864,2,0.459770115
2021-03-22,415,396,19,1,4,0.013722807,-41,-9.38215103
2021-03-23,346,331,15,7,4,0.01415801,-65,-16.41414141
2021-03-24,428,411,17,3,4,0.01476231,80,24.16918429
2021-03-25,430,419,11,2,4,0.015449316,8,1.946472019
2021-03-26,489,466,23,7,4,0.015950067,47,11.21718377
2021-03-27,505,490,15,5,4,0.015988664,24,5.150214592
2021-03-28,482,462,20,1,4,0.015998265,-28,-5.714285714
2021-03-29,382,369,13,4,4,0.016551706,-93,-20.12987013
2021-03-30,447,429,18,3,4,0.017146732,0,0
2021-03-31,506,491,15,2,4,0.017633006,62,14.45221445
2021-04-01,551,537,14,4,4,0.018382842,46,9.368635438
2021-04-02,557,532,25,2,4,0.019173877,-5,-0.931098696
2021-04-03,543,521,22,3,4,0.019353403,-11,-2.067669173
2021-04-04,543,514,29,4,4,0.01937274,-7,-1.343570058
2021-04-05,473,449,24,4,4,0.020120224,-65,-12.6459144
2021-04-06,477,459,18,4,4,0.020907403,10,2.227171492
2021-04-07,668,653,15,4,4,0.021679372,194,42.26579521
2021-04-08,700,674,26,2,4,0.02244278,21,3.215926493
2021-04-09,671,644,27,6,4,0.02314199,-30,-4.451038576
2021-04-10,677,662,15,1,4,0.023337594,18,2.795031056
2021-04-11,614,594,20,3,4,0.023354058,-68,-10.27190332
2021-04-12,587,560,27,2,4,0.024140987,-34,-5.723905724
2021-04-13,542,528,14,5,4,0.025035203,-32,-5.714285714
2021-04-14,731,714,17,7,4,0.0259524,0,0
2021-04-15,698,670,28,6,4,0.027783343,-44,-6.162464986
2021-04-16,673,652,21,2,4,0.029802275,-18,-2.686567164
2021-04-17,658,630,28,4,4,0.030387237,-22,-3.374233129
2021-04-18,671,648,23,3,4,0.030490746,18,2.857142857
2021-04-19,532,512,20,4,4,0.032881126,-136,-20.98765432
2021-04-20,549,529,20,1,4,0.035434933,17,3.3203125
2021-04-21,731,692,39,4,4,0.038018527,163,30.81285444
2021-04-22,735,715,20,2,4,0.040585888,23,3.323699422
2021-04-23,797,758,39,3,4,0.043695816,43,6.013986014
2021-04-24,785,759,26,1,4,0.044965761,1,0.131926121
2021-04-25,644,603,41,1,4,0.045097629,-156,-20.55335968
2021-04-26,499,469,30,4,4,0.047867072,-134,-22.22222222
2021-04-27,512,477,35,3,4,0.051297262,8,1.70575693
2021-04-28,769,748,21,1,4,0.055791903,271,56.81341719
2021-04-29,679,648,31,4,4,0.060867476,0,0
2021-04-30,661,642,19,3,4,0.06624866,-6,-0.925925926
2021-05-01,627,593,34,3,4,0.067037517,-49,-7.632398754
2021-05-02,606,585,21,2,4,0.067078003,-8,-1.349072513
2021-05-03,488,465,23,1,4,0.068765375,-120,-20.51282051
2021-05-04,541,514,27,6,4,0.070236842,49,10.53763441
2021-05-05,676,650,26,7,4,0.070362502,136,26.45914397
2021-05-06,574,562,12,4,4,0.071501658,-88,-13.53846154
2021-05-07,525,509,16,9,4,0.072454791,-53,-9.430604982
2021-05-08,701,672,29,5,4,0.072706092,163,32.02357564
2021-05-09,564,522,42,9,4,0.07271739,-150,-22.32142857
2021-05-10,463,436,27,1,4,0.073004338,-86,-16.47509579
2021-05-11,510,483,27,4,4,0.073194544,47,10.77981651
2021-05-12,634,612,22,5,4,0.073338654,129,26.70807453
2021-05-13,715,692,23,7,4,0.073534066,80,13.07189542
2021-05-14,747,729,18,2,4,0.073775323,0,0
2021-05-15,681,661,20,3,4,0.073820108,-68,-9.327846365
2021-05-16,610,572,38,4,4,0.07383742,-89,-13.46444781
2021-05-17,619,597,22,3,4,0.074117891,25,4.370629371
2021-05-18,528,506,22,1,4,0.074380875,-91,-15.24288107
2021-05-19,654,637,17,8,4,0.074438018,131,25.88932806
2021-05-20,646,619,27,4,4,0.074701176,-18,-2.825745683
2021-05-21,561,542,19,6,4,0.075007789,-77,-12.43941842
2021-05-22,666,633,33,4,4,0.075122788,91,16.7896679
2021-05-23,585,570,15,5,4,0.075136688,-63,-9.952606635
2021-05-24,530,505,25,3,4,0.076541045,-65,-11.40350877
2021-05-25,516,481,35,4,4,0.078074841,-24,-4.752475248
2021-05-26,705,684,21,2,4,0.079789821,203,42.2037422
2021-05-27,629,620,9,3,4,0.092578099,-64,-9.356725146
2021-05-28,587,571,16,3,4,0.103109755,-49,-7.903225806
2021-05-29,533,505,28,5,4,0.106303065,0,0
2021-05-30,480,464,16,6,4,0.106409774,-41,-8.118811881
2021-05-31,430,411,19,2,4,0.113888568,-53,-11.42241379
2021-06-01,459,449,10,4,4,0.124862714,38,9.245742092
2021-06-02,677,654,23,2,4,0.13227326,205,45.65701559
2021-06-03,681,672,9,3,4,0.138933584,18,2.752293578
2021-06-04,695,674,21,1,4,0.146078138,2,0.297619048
2021-06-05,744,725,19,2,4,0.148796549,51,7.566765579
2021-06-06,556,541,15,2,4,0.148864681,-184,-25.37931034
2021-06-07,485,454,31,1,4,0.166137767,-87,-16.08133087
2021-06-08,454,435,19,1,4,0.180555234,-19,-4.185022026
2021-06-09,602,581,21,2,4,0.192033275,146,33.56321839
2021-06-10,610,593,17,2,4,0.206858049,12,2.065404475
2021-06-11,556,541,15,2,4,0.222832967,-52,-8.768971332
2021-06-12,565,525,40,1,4,0.230349913,-16,-2.957486137
2021-06-13,452,419,33,3,4,0.230895412,0,0
2021-06-14,399,360,39,3,4,0.245757663,-59,-14.08114558
2021-06-15,373,347,26,4,4,0.258261654,-13,-3.611111111
2021-06-16,545,522,23,1,4,0.269246751,175,50.43227666
2021-06-17,540,523,17,1,4,0.2778171,1,0.191570881
2021-06-18,507,485,22,2,4,0.288201003,-38,-7.265774379
2021-06-19,482,456,26,1,4,0.292387392,-29,-5.979381443
2021-06-20,429,380,49,5,4,0.292409582,-76,-16.66666667
2021-06-21,357,317,40,2,4,0.293346038,-63,-16.57894737
2021-06-22,394,350,44,2,4,0.29430829,33,10.41009464
2021-06-23,645,605,40,1,4,0.295180258,255,72.85714286
2021-06-24,610,576,34,1,4,0.296081608,-29,-4.79338843
2021-06-25,634,602,32,1,4,0.297337151,26,4.513888889
2021-06-26,668,611,57,3,4,0.29756846,9,1.495016611
2021-06-27,614,570,44,1,4,0.297578581,-41,-6.710310966
2021-06-28,501,472,29,2,4,0.297855331,0,0
2021-06-29,595,560,35,2,4,0.298203451,88,18.6440678
2021-06-30,794,759,35,1,4,0.298514382,199,35.53571429
2021-07-01,761,711,50,3,4,0.298629478,-48,-6.324110672
2021-07-02,825,765,60,3,4,0.298758126,54,7.594936709
2021-07-03,794,748,46,1,4,0.298805649,-17,-2.222222222
2021-07-04,743,662,81,1,4,0.298818508,-86,-11.4973262
2021-07-05,711,644,67,2,4,0.29989626,-18,-2.719033233
2021-07-06,746,690,56,4,4,0.300664218,46,7.142857143
2021-07-07,"1,211","1,166",45,1,4,0.301372354,476,68.98550725
2021-07-08,"1,275","1,227",48,1,4,0.302131579,61,5.231560892
2021-07-09,"1,316","1,236",80,2,4,0.30328155,9,0.733496333
2021-07-10,"1,378","1,320",58,2,4,0.303544477,84,6.796116505
2021-07-11,"1,324","1,280",44,5,4,0.303565009,-40,-3.03030303
2021-07-12,"1,100","1,063",37,1,4,0.304187816,-217,-16.953125
2021-07-13,"1,150","1,097",53,2,4,0.306291749,0,0
2021-07-14,"1,613","1,566",47,2,4,0.308472817,469,42.75296263
2021-07-15,"1,599","1,554",45,2,4,0.310864507,-12,-0.766283525
2021-07-16,"1,535","1,475",60,1,4,0.313482128,-79,-5.083655084
2021-07-17,"1,449","1,400",49,4,4,0.314160343,-75,-5.084745763
2021-07-18,"1,453","1,402",51,2,4,0.314215153,2,0.142857143
2021-07-19,"1,251","1,207",44,1,4,0.317317872,-195,-13.90870185
2021-07-20,"1,278","1,242",36,1,4,0.320238924,35,2.89975145
2021-07-21,"1,781","1,725",56,1,4,0.322946289,483,38.88888889
2021-07-22,"1,841","1,532",309,3,4,0.325670812,-193,-11.1884058
2021-07-23,"1,629","1,573",56,3,4,0.328512165,41,2.676240209
2021-07-24,"1,627","1,572",55,2,4,0.329087083,-1,-0.063572791
2021-07-25,"1,487","1,422",65,5,4,0.3291246,-150,-9.541984733
2021-07-26,"1,318","1,264",54,4,4,0.341080181,-158,-11.11111111
2021-07-27,"1,363","1,274",89,2,4,0.348461442,10,0.791139241
2021-07-28,"1,895","1,822",73,4,4,0.357734008,0,0
2021-07-29,"1,673","1,631",42,2,4,0.36445321,-191,-10.48298573
2021-07-30,"1,710","1,662",48,4,4,0.374054232,31,1.900674433
2021-07-31,"1,538","1,465",73,6,4,0.378222576,-197,-11.85318893
2021-08-01,"1,442","1,386",56,3,4,0.378768922,-79,-5.392491468
2021-08-02,"1,218","1,150",68,1,4,0.387981801,-236,-17.02741703
2021-08-03,"1,200","1,150",50,5,4,0.392250762,0,0
2021-08-04,"1,725","1,664",61,2,4,0.395473703,514,44.69565217
2021-08-05,"1,775","1,716",59,3,4,0.399226374,52,3.125
2021-08-06,"1,704","1,640",64,4,4,0.40418824,-76,-4.428904429
2021-08-07,"1,823","1,762",61,3,4,0.40654839,122,7.43902439
2021-08-08,"1,727","1,668",59,5,4,0.40709119,-94,-5.334846765
2021-08-09,"1,491","1,455",36,4,4,0.41553584,-213,-12.76978417
2021-08-10,"1,537","1,474",63,9,4,0.420638982,19,1.305841924
2021-08-11,"2,221","2,144",77,1,4,0.424095142,670,45.45454545
2021-08-12,"1,987","1,947",40,3,4,0.42737247,0,0
2021-08-13,"1,989","1,913",76,6,4,0.432090785,-34,-1.746276323
2021-08-14,"1,928","1,858",70,4,4,0.43486283,-55,-2.875065342
2021-08-15,"1,816","1,748",68,8,4,0.435225063,-110,-5.920344456
2021-08-16,"1,554","1,491",63,11,4,0.448198631,-257,-14.70251716
2021-08-17,"1,372","1,322",50,6,4,0.462203412,-169,-11.33467471
2021-08-18,"1,803","1,766",37,5,4,0.472325853,444,33.58547655
2021-08-19,"2,152","2,114",38,13,4,0.482082148,348,19.70554926
2021-08-20,"2,050","2,000",50,6,4,0.4954262,-114,-5.392620624
2021-08-21,"1,876","1,811",65,5,4,0.502473472,-189,-9.45
2021-08-22,"1,626","1,588",38,13,4,0.503253653,-223,-12.31363887
2021-08-23,"1,417","1,370",47,7,4,0.51074812,-218,-13.7279597
2021-08-24,"1,507","1,469",38,6,4,0.518581068,99,7.226277372
2021-08-25,"2,154","2,113",41,9,4,0.525883748,644,43.83934649
2021-08-26,"1,882","1,829",53,20,4,0.538502853,-284,-13.44060577
2021-08-27,"1,837","1,809",28,8,4,0.550135936,0,0
2021-08-28,"1,791","1,736",55,11,4,0.5554706,-73,-4.035378662
2021-08-29,"1,619","1,576",43,3,4,0.555786042,-160,-9.216589862
2021-08-30,"1,485","1,424",61,5,4,0.563307557,-152,-9.644670051
2021-08-31,"1,369","1,331",38,1,4,0.568090592,-93,-6.530898876
2021-09-01,"2,024","1,991",33,7,4,0.571540332,660,49.58677686
2021-09-02,"1,960","1,926",34,11,4,0.575138172,-65,-3.26469111
2021-09-03,"1,708","1,674",34,5,4,0.579645768,-252,-13.08411215
2021-09-04,"1,803","1,775",28,7,4,0.581940023,101,6.033452808
2021-09-05,"1,490","1,461",29,6,4,0.582107596,-314,-17.69014085
2021-09-06,"1,375","1,351",24,6,4,0.596456275,-110,-7.529089665
2021-09-07,"1,597","1,563",34,3,4,0.607541199,212,15.69207994
2021-09-08,"2,048","2,012",36,4,4,0.614988433,449,28.72680742
2021-09-09,"2,049","2,018",31,9,4,0.623477945,6,0.298210736
2021-09-10,"1,892","1,857",35,5,4,0.636073183,-161,-7.978196234
2021-09-11,"1,864","1,815",49,10,4,0.642410391,0,0
2021-09-12,"1,755","1,725",30,1,4,0.642833854,-90,-4.958677686
2021-09-13,"1,433","1,409",24,1,4,0.658802429,-316,-18.31884058
2021-09-14,"1,495","1,461",34,7,4,0.670416696,52,3.690560681
2021-09-15,"2,078","2,055",23,13,4,0.677675439,594,40.65708419
2021-09-16,"1,942","1,920",22,6,4,0.685982726,-135,-6.569343066
2021-09-17,"2,008","1,973",35,3,4,0.698731618,53,2.760416667
2021-09-18,"2,087","2,047",40,5,4,0.706301697,74,3.750633553
2021-09-19,"1,909","1,870",39,10,4,0.706713881,-177,-8.646800195
2021-09-20,"1,603","1,575",28,5,4,0.70729466,-295,-15.77540107
2021-09-21,"1,729","1,697",32,4,4,0.707422749,122,7.746031746
2021-09-22,"1,720","1,703",17,6,4,0.707956661,6,0.353565115
2021-09-23,"1,715","1,697",18,8,4,0.718795778,-6,-0.352319436
2021-09-24,"2,429","2,411",18,7,4,0.730699788,714,42.07424867
2021-09-25,"3,268","3,240",28,7,4,0.736742954,829,34.384073
2021-09-26,"2,768","2,734",34,9,4,0.737254675,0,0
2021-09-27,"2,381","2,354",27,6,4,0.745305976,-380,-13.89904901
2021-09-28,"2,288","2,269",19,8,4,0.750275612,-85,-3.610875106
2021-09-29,"2,881","2,855",26,10,4,0.754746848,586,25.82635522
2021-09-30,"2,561","2,536",25,7,4,0.761391594,-319,-11.17338004
2021-10-01,"2,483","2,449",34,16,4,0.765963216,-87,-3.430599369
2021-10-02,"2,247","2,220",27,7,4,0.768370272,-229,-9.35075541
2021-10-03,"2,085","2,057",28,3,4,0.768437401,-163,-7.342342342
2021-10-04,"1,670","1,650",20,6,4,0.768931868,-407,-19.78609626
2021-10-05,"1,574","1,555",19,11,4,0.769807442,-95,-5.757575758
2021-10-06,"2,027","2,001",26,12,4,0.77052753,446,28.68167203
2021-10-07,"2,425","2,398",27,8,4,0.771243648,397,19.84007996
2021-10-08,"2,171","2,140",31,10,4,0.772117794,-258,-10.7589658
2021-10-09,"1,953","1,924",29,6,4,0.772328398,-216,-10.09345794
2021-10-10,"1,594","1,560",34,15,4,0.772382013,-364,-18.91891892
2021-10-11,"1,297","1,284",13,8,4,0.774190515,0,0
2021-10-12,"1,346","1,333",13,11,4,0.776251166,49,3.816199377
2021-10-13,"1,583","1,570",13,11,4,0.777366898,237,17.77944486
2021-10-14,"1,939","1,924",15,13,4,0.778429593,354,22.5477707
2021-10-15,"1,683","1,669",14,8,4,0.780159668,-255,-13.25363825
2021-10-16,"1,617","1,593",24,18,4,0.781402699,-76,-4.553624925
2021-10-17,"1,420","1,403",17,16,4,0.781440062,-190,-11.92718142
2021-10-18,"1,049","1,030",19,8,4,0.782827627,-373,-26.58588738
2021-10-19,"1,073","1,048",25,21,4,0.7835508,18,1.747572816
2021-10-20,"1,571","1,556",15,9,4,0.784883613,508,48.47328244
2021-10-21,"1,441","1,430",11,11,4,0.786038365,-126,-8.097686375
2021-10-22,"1,437","1,417",20,16,4,0.787314806,-13,-0.909090909
2021-10-23,"1,508","1,487",21,20,4,0.78830935,70,4.940014114
2021-10-24,"1,422","1,394",28,21,4,0.788384153,-93,-6.254203093
2021-10-25,"1,190","1,167",23,7,4,0.789899653,-227,-16.28407461
2021-10-26,"1,265","1,245",20,15,4,0.790696029,0,0
2021-10-27,"1,952","1,931",21,9,4,0.792196588,686,55.10040161
2021-10-28,"2,110","2,094",16,11,4,0.793416445,163,8.441222165
2021-10-29,"2,124","2,094",30,9,4,0.794586389,0,0
2021-10-30,"2,104","2,089",15,13,4,0.79528797,-5,-0.238777459
2021-10-31,"2,061","2,052",9,19,4,0.795344689,-37,-1.771182384
2021-11-01,"1,684","1,664",20,9,1,0.796952169,-388,-18.90838207
2021-11-02,"1,589","1,578",11,16,1,0.79777727,-86,-5.168269231
2021-11-03,"2,667","2,640",27,18,1,0.799035011,1062,67.30038023
2021-11-04,"2,482","2,457",25,24,1,0.800207924,-183,-6.931818182
2021-11-05,"2,342","2,322",20,20,1,0.801589069,-135,-5.494505495
2021-11-06,"2,246","2,217",29,20,1,0.802466088,-105,-4.521963824
2021-11-07,"2,224","2,204",20,11,1,0.802508174,-13,-0.586377988
2021-11-08,"1,758","1,731",27,13,1,0.804764392,-473,-21.46098004
2021-11-09,"1,715","1,698",17,18,1,0.805654463,-33,-1.906412478
2021-11-10,"2,425","2,409",16,14,1,0.80698502,0,0
2021-11-11,"2,519","2,493",26,21,1,0.80822915,84,3.486924035
2021-11-12,"2,368","2,358",10,18,1,0.809746135,-135,-5.415162455
2021-11-13,"2,324","2,310",14,32,1,0.81081552,-48,-2.03562341
2021-11-14,"2,418","2,400",18,20,1,0.810859803,90,3.896103896
2021-11-15,"2,005","1,985",20,12,1,0.812066185,-415,-17.29166667
2021-11-16,"2,124","2,109",15,22,1,0.812721805,124,6.246851385
2021-11-17,"3,187","3,164",23,21,1,0.813607904,1055,50.02370792
2021-11-18,"3,292","3,272",20,29,1,0.814483362,108,3.413400759
2021-11-19,"3,033","3,010",23,28,1,0.815445113,-262,-8.007334963
2021-11-20,"3,205","3,188",17,29,1,0.815967303,178,5.913621262
2021-11-21,"3,120","3,096",24,30,1,0.815994448,-92,-2.885821832
2021-11-22,"2,826","2,806",20,24,1,0.816952651,-290,-9.366925065
2021-11-23,"2,698","2,684",14,30,1,0.817508059,-122,-4.347826087
2021-11-24,"4,115","4,087",28,34,1,0.818418874,1403,52.27272727
2021-11-25,"3,937","3,916",21,39,1,0.819354135,0,0
2021-11-26,"3,896","3,878",18,39,1,0.820440756,-38,-0.970377937
2021-11-27,"4,067","4,044",23,52,1,0.821069674,166,4.280556988
2021-11-28,"3,925","3,890",35,56,1,0.821088992,-154,-3.808110781
2021-11-29,"3,307","3,284",23,32,1,0.82169252,-606,-15.57840617
2021-11-30,"3,032","3,003",29,44,1,0.822118276,-281,-8.556638246
2021-12-01,"5,122","5,074",48,34,1,0.822583459,2071,68.96436896
2021-12-02,"5,263","5,239",24,47,1,0.823025776,165,3.25187229
2021-12-03,"4,944","4,923",21,34,1,0.823693561,-316,-6.031685436
2021-12-04,"5,352","5,327",25,70,1,0.824111548,404,8.206378225
2021-12-05,"5,125","5,102",23,43,1,0.824145286,-225,-4.223765722
2021-12-06,"4,324","4,295",29,41,1,0.825162252,-807,-15.81732654
2021-12-07,"4,953","4,923",30,64,1,0.825901851,628,14.62165308
2021-12-08,"7,173","7,139",34,63,1,0.826797494,2216,45.01320333
2021-12-09,"7,102","7,082",20,57,1,0.827681974,-57,-0.798431153
2021-12-10,"7,021","6,982",39,53,1,0.828683921,0,0
2021-12-11,"6,974","6,948",26,80,1,0.829189821,-34,-0.486966485
2021-12-12,"6,683","6,655",28,42,1,0.82923048,-293,-4.217040875
2021-12-13,"5,817","5,782",35,40,1,0.830725294,-873,-13.11795642
2021-12-14,"5,567","5,525",42,94,1,0.831798766,-257,-4.444828779
2021-12-15,"7,850","7,827",23,70,1,0.833505803,2302,41.66515837
2021-12-16,"7,619","7,588",31,62,1,0.835408791,-239,-3.053532643
2021-12-17,"7,434","7,399",35,73,1,0.837491267,-189,-2.490774908
2021-12-18,"7,312","7,283",29,53,4,0.838834124,-116,-1.56777943
2021-12-19,"6,233","6,170",63,78,4,0.838950569,-1113,-15.28216394
2021-12-20,"5,317","5,257",60,54,4,0.841307692,-913,-14.79740681
2021-12-21,"5,196","5,138",58,52,4,0.842759553,-119,-2.263648469
2021-12-22,"7,456","7,365",91,78,4,0.844518161,2227,43.34371351
2021-12-23,"6,919","6,856",63,109,4,0.846044052,-509,-6.911065852
